Kód,Územná jednotka,Spolu,muž (0),muž (1),muž (2),muž (3),muž (4),muž (5),muž (6),muž (7),muž (8),muž (9),muž (10),muž (11),muž (12),muž (13),muž (14),muž (15),muž (16),muž (17),muž (18),muž (19),muž (20),muž (21),muž (22),muž (23),muž (24),muž (25),muž (26),muž (27),muž (28),muž (29),muž (30),muž (31),muž (32),muž (33),muž (34),muž (35),muž (36),muž (37),muž (38),muž (39),muž (40),muž (41),muž (42),muž (43),muž (44),muž (45),muž (46),muž (47),muž (48),muž (49),muž (50),muž (51),muž (52),muž (53),muž (54),muž (55),muž (56),muž (57),muž (58),muž (59),muž (60),muž (61),muž (62),muž (63),muž (64),muž (65),muž (66),muž (67),muž (68),muž (69),muž (70),muž (71),muž (72),muž (73),muž (74),muž (75),muž (76),muž (77),muž (78),muž (79),muž (80),muž (81),muž (82),muž (83),muž (84),muž (85),muž (86),muž (87),muž (88),muž (89),muž (90),muž (91),muž (92),muž (93),muž (94),muž (95),muž (96),muž (97),muž (98),muž (99),muž (100+),žena (0),žena (1),žena (2),žena (3),žena (4),žena (5),žena (6),žena (7),žena (8),žena (9),žena (10),žena (11),žena (12),žena (13),žena (14),žena (15),žena (16),žena (17),žena (18),žena (19),žena (20),žena (21),žena (22),žena (23),žena (24),žena (25),žena (26),žena (27),žena (28),žena (29),žena (30),žena (31),žena (32),žena (33),žena (34),žena (35),žena (36),žena (37),žena (38),žena (39),žena (40),žena (41),žena (42),žena (43),žena (44),žena (45),žena (46),žena (47),žena (48),žena (49),žena (50),žena (51),žena (52),žena (53),žena (54),žena (55),žena (56),žena (57),žena (58),žena (59),žena (60),žena (61),žena (62),žena (63),žena (64),žena (65),žena (66),žena (67),žena (68),žena (69),žena (70),žena (71),žena (72),žena (73),žena (74),žena (75),žena (76),žena (77),žena (78),žena (79),žena (80),žena (81),žena (82),žena (83),žena (84),žena (85),žena (86),žena (87),žena (88),žena (89),žena (90),žena (91),žena (92),žena (93),žena (94),žena (95),žena (96),žena (97),žena (98),žena (99),žena (100+)
SK0101,Okres Bratislava I,46080,229,263,281,270,246,250,266,256,257,223,234,206,203,195,186,152,157,144,143,143,130,136,138,146,167,182,206,274,258,315,317,359,366,364,409,395,393,434,441,433,439,439,460,440,432,429,388,364,361,324,306,296,265,245,249,242,269,302,247,239,229,241,255,254,260,316,312,269,252,267,252,237,228,233,210,164,143,138,117,119,93,87,89,58,54,39,54,55,42,51,29,40,29,17,12,17,13,9,9,6,8,199,265,236,267,261,232,269,240,253,228,210,215,199,193,166,178,170,137,123,139,149,136,147,147,164,175,207,239,259,290,333,351,363,385,403,421,402,429,415,425,398,423,442,450,404,381,365,355,305,286,277,281,277,285,288,246,250,308,247,272,253,277,274,314,349,346,331,360,339,333,337,297,293,283,284,243,214,206,188,178,155,122,141,103,91,100,102,101,119,112,92,84,68,58,48,28,23,24,14,9,17
SK0102,Okres Bratislava II,125179,714,729,810,769,739,742,662,658,622,639,609,564,574,540,475,495,475,423,392,429,429,419,419,439,463,516,599,710,775,822,933,1000,1006,1076,1061,1086,1065,1080,1057,1061,1137,1203,1164,1198,1168,1112,1112,1019,925,891,787,825,719,739,740,781,818,749,720,722,653,643,589,612,642,616,609,616,627,619,532,487,458,456,404,336,308,297,288,279,251,252,226,202,184,162,126,113,114,93,73,49,48,32,27,13,18,16,13,10,15,754,693,730,725,702,645,636,621,584,604,582,572,534,487,495,470,443,407,386,421,483,412,426,427,437,531,566,734,773,917,976,1103,1003,1139,1143,1230,1198,1088,1124,1180,1095,1197,1194,1260,1178,1155,1180,1023,939,860,841,806,808,741,790,873,898,863,709,811,725,677,746,745,807,814,834,850,887,879,822,717,736,682,614,581,677,610,613,618,591,500,422,404,344,309,278,234,242,219,134,143,99,81,67,50,41,18,22,16,16
SK0103,Okres Bratislava III,76270,501,493,566,486,503,487,452,444,409,404,407,371,369,329,333,304,268,257,242,223,259,210,249,271,293,300,337,427,448,497,570,633,688,615,675,772,721,703,786,736,694,751,773,795,686,706,663,581,625,538,509,495,443,432,467,438,406,459,442,380,389,380,391,423,376,416,439,423,370,378,334,305,325,256,237,206,179,209,167,147,139,111,98,77,83,76,79,71,80,70,54,34,22,27,12,11,15,5,7,9,3,449,500,445,445,464,455,413,391,410,367,381,369,324,307,288,257,272,258,245,214,236,242,238,246,253,338,340,408,470,562,685,680,702,716,752,752,778,727,740,770,726,773,785,694,719,634,618,581,519,545,493,481,434,378,443,448,454,419,437,413,433,419,444,472,479,504,490,507,497,510,482,412,400,443,383,333,325,273,289,249,243,206,206,195,219,201,156,145,148,128,92,79,76,61,36,26,20,14,15,8,15
SK0104,Okres Bratislava IV,105245,629,654,646,623,590,605,618,543,586,476,481,576,489,477,471,507,400,418,385,404,424,389,417,448,415,512,515,600,722,764,859,876,908,948,901,850,841,775,840,820,829,897,920,990,897,898,930,893,823,805,816,664,693,643,639,708,736,756,681,606,589,522,488,504,531,467,477,453,444,439,426,396,426,422,410,318,350,332,308,270,245,208,180,134,105,97,105,73,79,47,39,31,33,15,21,5,7,7,7,8,3,595,567,590,579,580,562,521,518,584,529,520,493,492,442,422,433,393,383,368,350,386,401,355,383,441,495,558,678,704,801,837,894,976,974,874,893,866,841,829,832,839,1007,950,887,954,933,851,957,854,830,781,748,742,713,738,824,853,727,664,651,664,544,560,563,580,576,604,610,639,705,691,677,733,704,647,528,572,512,432,441,381,291,267,258,196,188,172,154,147,120,98,83,53,39,33,36,24,15,7,6,6
SK0105,Okres Bratislava V,122729,702,745,761,728,758,706,694,647,622,638,539,547,511,443,422,387,358,384,329,336,339,335,343,360,362,422,487,560,631,706,801,876,1052,1159,1234,1509,1573,1633,1629,1537,1551,1576,1426,1282,1157,1054,922,823,651,597,494,497,440,423,445,423,461,442,531,577,720,769,920,1038,1129,1166,1113,1125,1041,920,791,692,590,468,371,261,253,222,186,144,149,121,93,84,65,55,34,31,42,29,15,15,10,12,14,6,6,4,4,9,7,643,641,741,763,697,692,678,615,643,584,546,541,456,453,385,377,331,312,293,293,313,304,299,322,356,456,472,584,648,794,820,906,1108,1164,1346,1448,1480,1473,1465,1407,1337,1355,1282,1155,1026,936,824,697,586,513,499,465,410,445,457,573,660,805,835,1010,1073,1195,1344,1413,1438,1469,1425,1326,1241,1221,953,820,710,572,477,372,323,324,235,236,216,181,147,142,110,105,100,98,84,75,56,52,37,44,20,31,9,10,10,3,12
SK0106,Okres Malacky,78136,437,454,499,512,548,503,469,471,477,490,448,500,451,417,373,378,382,373,318,361,345,360,408,378,415,380,405,496,490,535,546,502,547,526,636,601,676,697,714,665,730,809,761,760,783,767,673,633,618,605,552,505,479,461,488,478,491,454,448,454,451,443,449,451,468,449,411,456,422,412,360,304,329,243,237,199,190,168,128,142,113,83,79,68,58,48,47,29,44,21,27,18,11,9,3,7,13,7,5,0,1,405,445,460,446,524,499,474,454,439,464,460,464,436,387,387,381,389,340,298,302,329,309,362,368,343,443,457,477,487,504,534,506,533,571,644,698,663,684,683,733,695,717,712,706,664,668,670,645,574,577,502,498,447,458,453,490,459,484,460,480,455,464,473,508,492,523,480,495,511,460,439,384,401,381,333,259,276,233,243,238,153,158,157,144,117,118,114,88,74,77,47,33,37,30,19,15,11,14,3,1,2
SK0107,Okres Pezinok,69183,386,435,482,499,436,466,464,401,490,397,413,418,422,395,327,323,317,307,269,280,287,260,292,309,324,307,320,393,416,417,448,506,498,501,568,548,547,636,593,639,625,715,682,690,684,667,633,546,493,493,510,406,428,406,386,425,417,420,393,408,390,398,380,413,426,409,362,371,332,327,301,269,251,252,204,164,179,163,121,119,112,79,87,46,44,50,38,35,33,28,19,12,12,9,11,7,3,4,5,1,7,395,381,449,425,415,446,467,419,404,394,426,433,389,358,332,358,313,298,257,241,236,288,276,303,323,337,328,425,402,459,517,482,538,492,577,597,630,615,601,670,633,690,604,654,593,640,602,576,526,517,433,438,382,421,429,424,434,433,395,449,430,418,415,431,472,432,434,420,457,448,395,370,355,335,268,266,231,204,196,189,179,174,137,122,125,110,101,89,84,61,55,47,33,31,23,13,9,4,6,4,5
SK0108,Okres Senec,96715,663,691,789,849,830,761,760,753,752,699,740,659,652,587,510,502,495,445,375,382,381,376,381,363,367,423,428,521,585,647,681,672,708,722,815,834,879,855,896,952,912,1004,1006,1066,986,956,884,798,728,695,650,569,543,527,500,487,508,453,467,500,424,411,436,433,434,483,450,401,436,389,358,294,297,279,217,204,198,125,156,130,109,106,103,66,67,47,46,36,31,29,28,15,13,13,6,3,6,6,1,2,1,692,684,743,822,774,737,731,702,722,675,663,617,564,521,523,506,468,442,354,367,371,349,369,331,404,418,470,548,632,707,752,824,819,900,852,918,965,1009,947,1011,1048,1069,1021,1014,951,930,842,741,676,659,600,557,552,499,505,544,515,536,472,468,463,438,492,535,569,551,500,496,503,462,452,412,400,362,326,268,285,245,249,193,215,190,154,128,143,122,76,82,88,73,53,56,27,37,22,11,11,7,2,6,1
SK0211,Okres Dunajská Streda,124669,596,654,630,655,661,650,623,679,626,624,607,703,598,570,573,602,595,512,540,549,598,611,608,597,631,658,727,771,826,863,902,903,984,885,959,1001,1052,1094,1097,1100,1105,1154,1131,1197,1201,1183,1138,996,972,912,894,870,832,778,812,835,845,825,728,800,779,757,790,837,810,834,778,749,722,685,596,478,417,388,318,271,323,252,259,238,229,174,131,129,103,78,62,48,39,35,12,27,15,13,9,11,1,3,3,0,0,565,605,599,617,665,605,609,556,589,586,608,578,572,545,574,540,528,516,539,509,544,567,645,636,611,661,723,819,798,843,858,866,959,941,927,982,1029,1070,1043,1057,1077,1111,1134,1155,1112,1168,1081,1022,954,880,864,889,883,780,913,879,864,863,822,845,849,816,881,995,981,937,895,925,896,848,760,629,567,536,448,435,522,473,447,420,384,315,237,212,200,159,164,149,102,110,86,54,36,32,23,15,8,9,4,3,2
SK0212,Okres Galanta,95124,454,463,490,528,480,482,495,455,479,472,432,471,476,416,438,431,440,419,421,376,482,485,507,532,521,513,578,645,651,678,651,710,693,786,755,799,827,821,843,768,843,869,878,837,908,827,816,850,752,743,704,693,633,637,653,625,695,656,642,590,627,547,659,600,610,622,612,571,534,528,482,379,354,326,297,216,203,202,191,185,153,130,110,84,84,82,51,34,37,30,30,15,8,7,5,3,3,0,4,1,1,433,453,441,434,445,432,458,428,442,430,433,438,426,414,443,419,379,393,389,406,421,432,469,462,492,549,539,557,576,619,700,693,706,668,764,737,694,706,745,699,751,790,812,793,805,801,819,801,691,708,701,642,657,609,691,655,711,740,636,649,637,671,664,640,702,672,684,683,636,663,567,500,572,460,425,391,391,349,347,316,306,298,218,219,177,176,141,116,107,79,63,55,50,24,20,17,14,8,2,4,3
SK0213,Okres Hlohovec,44015,184,211,222,215,217,225,215,217,226,224,229,217,231,228,196,204,202,185,194,194,223,242,218,242,236,240,288,301,330,297,308,291,336,329,349,329,313,392,373,377,365,404,393,416,394,388,399,379,325,349,311,325,293,312,318,306,282,264,282,256,305,295,333,267,290,307,254,254,226,240,211,193,187,148,149,146,115,98,106,95,90,61,57,49,40,40,28,22,28,19,8,14,8,8,3,2,1,1,0,1,0,210,213,219,178,214,211,230,208,218,191,244,206,205,191,219,217,197,183,181,195,209,225,204,228,216,240,243,278,257,285,323,283,310,279,267,292,327,316,333,358,315,354,403,397,380,369,331,319,339,320,305,305,261,292,256,278,312,307,270,285,278,281,320,294,318,311,312,300,285,286,268,256,310,235,220,203,216,166,175,161,143,135,124,107,87,97,76,83,67,39,43,29,30,20,7,6,6,3,2,2,3
SK0214,Okres Piešťany,63032,313,272,319,305,301,310,309,310,306,303,282,285,310,272,286,272,296,252,275,246,288,270,289,301,317,312,354,398,401,421,524,415,465,455,489,462,496,461,505,514,510,523,557,530,548,579,515,504,478,409,382,381,392,418,440,440,447,443,424,439,409,416,435,441,434,394,418,388,348,359,320,328,290,276,223,227,199,171,178,180,138,124,96,85,74,67,53,56,43,30,30,28,13,6,12,8,4,1,1,0,1,281,293,290,294,287,277,291,299,255,263,290,294,281,244,245,259,251,244,240,256,271,284,284,261,287,308,341,366,369,414,421,421,437,481,430,492,501,468,473,494,476,525,546,498,485,535,510,470,434,414,435,407,391,409,409,461,472,440,449,471,452,427,441,474,503,580,469,498,440,463,460,413,363,382,341,346,293,281,251,257,252,208,187,165,157,142,135,114,101,78,60,50,48,30,22,21,8,6,2,4,10
SK0215,Okres Senica,59749,270,280,306,326,321,279,333,303,306,293,337,293,310,293,284,270,289,279,252,296,290,292,307,323,349,347,377,420,406,429,417,397,435,447,434,465,467,478,510,494,497,530,561,542,580,533,558,524,456,465,440,410,377,418,348,391,424,406,413,388,366,398,407,373,407,369,391,355,354,323,310,272,258,227,199,167,146,141,100,99,93,67,71,63,50,49,38,25,23,21,27,9,5,10,2,3,2,4,0,1,0,279,289,290,297,289,275,315,295,297,288,276,323,271,273,291,260,275,256,265,268,271,319,294,319,314,314,326,395,358,401,370,394,435,382,396,473,485,445,428,478,453,491,492,497,517,506,469,469,441,431,414,374,404,382,409,420,429,401,412,424,388,414,384,424,434,423,439,381,424,390,398,360,364,334,270,224,217,210,242,165,181,178,126,119,114,99,90,84,68,58,40,35,28,13,14,10,8,3,1,1,0
SK0216,Okres Skalica,47525,251,222,267,229,247,289,253,269,277,232,245,258,246,207,228,207,224,238,207,219,250,211,271,226,265,279,292,343,308,355,358,352,405,360,365,342,378,382,381,366,404,419,460,459,452,441,446,420,377,351,325,369,302,277,347,314,347,304,303,309,303,286,298,287,288,321,288,293,254,264,232,215,184,168,182,120,119,101,94,77,76,71,63,47,36,38,38,24,19,13,7,20,8,2,2,2,2,3,1,0,0,207,228,248,245,248,219,236,262,240,217,220,236,233,230,200,211,215,212,191,200,212,235,246,242,239,256,264,341,301,313,322,301,330,331,362,332,351,349,364,386,371,402,395,413,373,416,398,355,371,313,303,294,319,315,316,334,317,310,298,327,296,294,319,320,336,339,328,311,322,290,270,300,304,261,243,181,192,167,169,160,159,124,108,97,93,104,66,53,58,52,35,29,14,12,10,9,3,3,1,1,1
SK0217,Okres Trnava,131894,692,766,755,767,775,732,678,655,708,710,689,665,628,585,597,629,614,563,521,555,580,573,601,621,660,713,812,844,867,924,1006,924,962,1051,1027,1103,1113,1131,1120,1118,1149,1226,1203,1215,1167,1201,1180,1131,1067,921,966,917,829,834,844,843,898,803,822,848,823,812,771,823,847,809,811,742,735,672,668,607,557,495,432,378,319,302,251,238,227,177,174,142,120,101,108,92,55,55,39,25,12,20,4,10,6,3,2,1,2,680,693,707,725,719,671,665,681,655,677,695,582,678,556,623,574,561,497,485,539,556,596,557,618,629,665,753,823,912,922,953,892,912,994,1005,1047,1079,1055,1095,1044,1079,1151,1143,1082,1155,1114,1072,1031,976,896,854,933,805,802,836,846,909,884,886,847,869,858,874,924,977,944,924,859,897,946,807,754,705,685,605,563,590,522,476,420,398,374,347,300,286,256,223,162,158,129,108,75,68,57,33,32,19,14,9,4,7
SK0221,Okres Bánovce nad Bebravou,35967,154,152,164,185,197,176,172,181,195,189,181,192,190,201,156,156,155,188,191,152,185,215,167,176,185,220,226,243,252,219,257,271,260,282,325,259,278,277,283,289,304,326,309,341,307,288,328,271,259,231,268,278,230,222,235,228,244,255,238,269,270,219,251,245,232,233,217,204,201,181,200,157,154,129,133,105,120,96,70,67,75,38,40,51,35,48,21,21,27,11,8,11,4,4,9,3,1,3,0,0,0,136,154,156,167,187,166,150,171,172,181,186,152,165,150,159,149,176,159,156,168,162,146,191,186,185,178,211,223,230,232,217,223,284,227,258,239,266,271,263,269,272,329,305,296,277,280,271,265,260,278,230,221,214,259,272,270,238,248,260,250,251,255,274,256,252,285,243,278,246,240,252,226,209,192,177,129,166,147,133,132,128,121,90,70,72,70,64,54,51,41,26,32,20,12,14,8,6,4,1,1,2
SK0222,Okres Ilava,58058,291,305,265,302,294,285,298,322,268,300,284,265,271,241,250,209,249,226,223,267,259,256,245,305,297,298,363,425,410,416,442,458,473,459,468,471,513,502,538,487,540,534,493,491,475,460,454,422,386,386,386,370,380,372,351,380,431,432,421,434,422,439,436,427,378,398,433,364,331,324,263,229,238,219,172,154,149,129,111,103,105,104,67,76,61,57,41,47,33,30,16,21,6,5,4,4,0,2,0,0,0,245,276,267,291,273,284,270,300,257,271,262,278,274,261,249,241,236,196,204,221,269,239,267,269,286,290,346,374,346,389,390,405,415,440,467,470,442,415,446,431,448,466,479,413,457,418,404,434,425,388,368,377,382,399,430,434,412,469,419,465,475,451,438,482,466,451,425,432,409,376,379,331,303,319,262,215,234,223,204,211,208,174,150,146,139,122,109,95,72,59,46,38,23,20,11,14,4,0,6,1,0
SK0223,Okres Myjava,25678,98,119,92,126,119,123,99,124,105,116,113,115,100,115,115,97,93,98,107,97,113,120,123,124,106,124,166,179,141,167,172,167,203,152,155,180,170,214,191,213,194,235,228,236,236,220,232,206,185,204,190,177,202,166,177,198,178,194,180,175,180,193,196,213,184,189,196,168,180,173,148,133,150,125,101,93,88,77,70,83,57,40,35,31,32,21,27,21,21,17,7,5,6,3,3,1,2,1,1,0,0,91,108,117,81,104,119,103,121,131,108,113,119,103,95,108,89,107,98,98,101,109,111,105,122,129,118,138,146,126,161,172,137,173,178,162,169,178,181,196,181,173,202,198,218,207,217,203,191,203,165,173,187,168,175,191,185,186,169,208,178,168,165,200,209,242,229,207,197,191,195,183,151,183,142,135,167,136,127,116,96,97,78,81,70,66,62,62,40,31,33,16,21,24,8,3,3,2,0,3,1,0
SK0224,Okres Nové Mesto nad Váhom,61840,310,313,318,306,301,351,326,310,300,313,326,313,292,282,272,259,281,269,233,236,262,297,290,310,306,324,358,365,406,445,437,418,470,485,432,477,472,499,514,511,523,551,550,559,536,532,491,494,455,475,424,418,398,418,377,378,432,410,413,407,406,375,413,433,410,392,419,391,405,375,333,285,290,242,219,212,185,187,188,145,122,112,118,82,77,89,49,43,49,31,28,20,13,12,6,4,3,6,3,1,2,288,295,305,259,326,285,294,289,293,305,306,314,280,260,275,263,265,240,241,281,304,300,283,293,303,310,338,409,371,373,410,409,406,410,419,431,442,469,476,414,465,527,465,489,504,490,493,487,409,421,427,421,422,392,408,412,439,396,380,459,385,440,445,441,458,454,446,440,427,455,394,356,376,358,321,298,288,280,287,206,227,196,186,166,138,147,118,101,92,88,71,66,42,25,22,12,14,11,5,9,4
SK0225,Okres Partizánske,44515,194,198,221,233,206,186,191,215,204,199,215,214,218,204,182,185,209,182,192,183,197,197,221,231,250,250,268,275,300,310,274,316,303,346,367,359,335,318,371,405,360,404,391,415,405,383,419,374,337,335,298,308,299,295,299,313,316,293,300,278,298,301,276,289,306,291,274,316,293,275,261,221,207,191,148,126,120,138,98,95,93,76,62,70,49,60,39,34,33,23,20,11,9,8,6,5,5,0,3,0,0,172,211,183,195,188,209,196,215,188,180,210,201,190,193,187,174,169,182,172,171,175,205,197,201,251,203,266,257,280,271,286,270,319,300,285,299,292,311,326,354,324,348,372,347,343,383,355,342,339,285,324,289,276,289,278,319,343,303,303,296,294,278,361,360,343,361,360,359,383,359,315,294,267,283,242,181,179,177,134,181,160,169,151,132,122,95,82,95,92,62,44,42,26,17,14,12,7,4,5,3,2
SK0226,Okres Považská Bystrica,61617,295,351,370,347,321,326,318,286,291,296,317,282,294,277,280,295,266,253,246,308,270,324,334,353,363,377,429,507,449,463,478,492,468,508,532,524,503,477,519,528,488,554,535,520,498,505,469,453,442,428,436,392,408,406,396,443,473,452,424,453,475,460,441,403,416,389,378,329,345,315,278,224,223,210,150,164,153,121,116,113,106,107,85,71,67,48,42,28,33,16,19,7,10,7,5,2,3,1,0,0,0,294,298,304,305,298,282,275,307,261,299,308,299,272,243,254,253,263,247,263,255,305,338,302,311,321,351,383,433,462,475,472,422,455,464,490,457,410,451,476,466,409,503,468,474,432,451,487,430,444,416,405,420,436,424,420,453,454,485,499,458,474,458,418,434,490,473,414,374,383,386,367,286,287,326,245,228,255,211,211,191,183,183,195,145,135,128,98,81,80,50,47,37,33,24,19,7,6,4,2,3,2
SK0227,Okres Prievidza,131693,503,570,579,555,601,557,552,624,573,605,646,646,602,586,554,593,567,532,498,548,620,662,629,696,671,697,770,904,892,926,977,955,972,1012,972,983,1056,1043,1053,1028,1102,1178,1186,1120,1096,1196,1104,1087,1034,977,922,862,909,958,975,981,1015,973,968,931,875,952,950,994,944,885,839,827,762,726,701,604,597,554,433,387,408,370,315,314,273,232,217,187,149,133,105,66,72,58,37,33,21,21,12,10,2,5,2,1,2,568,576,567,592,622,548,581,568,568,566,581,584,583,598,534,533,499,493,523,546,618,615,589,621,660,671,775,815,855,864,897,862,856,896,901,967,888,934,935,984,980,1044,1075,1091,1049,1052,1040,1015,1006,919,909,890,900,890,929,956,1056,963,990,968,909,972,1089,1027,1035,983,1026,913,974,929,886,825,767,750,632,577,618,555,511,518,465,412,393,351,288,285,199,193,173,161,122,93,67,68,34,22,19,16,8,6,9
SK0228,Okres Púchov,44319,205,243,249,276,229,229,234,246,238,208,209,204,235,210,192,201,247,199,209,198,244,222,214,272,252,283,303,349,341,335,331,309,332,343,304,367,313,362,349,374,361,376,422,398,404,382,369,351,347,338,330,312,317,294,300,299,309,313,252,298,299,264,279,272,326,270,258,240,260,240,205,185,192,163,112,132,93,90,81,79,66,59,44,39,37,31,25,31,27,8,8,8,3,4,3,1,1,0,0,1,0,243,230,214,211,226,222,201,214,213,245,220,204,202,183,187,223,214,179,192,199,234,201,219,246,245,271,296,307,306,318,309,288,306,297,287,313,323,332,304,321,377,364,340,360,384,357,368,355,322,305,288,300,276,302,296,288,307,287,289,288,321,297,293,314,326,333,311,287,318,277,257,235,234,227,189,165,191,162,144,150,147,132,111,91,92,87,69,70,57,43,35,33,19,11,9,9,2,3,2,0,0
SK0229,Okres Trenčín,113777,582,574,596,586,583,584,585,576,562,577,608,562,546,530,534,553,505,467,468,461,532,523,531,540,596,614,668,731,723,842,780,810,823,832,917,895,907,991,913,939,936,1017,1042,985,979,971,950,875,813,809,732,721,652,692,731,792,771,790,686,686,700,662,729,732,758,767,754,729,704,654,607,538,513,441,385,324,340,283,292,249,246,225,196,162,135,123,110,86,92,62,43,36,22,21,13,8,10,10,3,5,5,543,585,511,589,563,501,569,559,565,585,597,529,528,500,486,517,508,473,478,451,514,518,470,519,515,562,600,705,732,790,765,775,800,814,842,824,874,890,874,898,963,1015,974,918,946,938,919,863,824,726,729,705,713,690,718,733,818,770,713,740,786,721,791,839,890,842,832,825,814,796,765,693,680,612,559,517,491,468,466,426,385,364,314,307,269,274,236,157,179,132,134,91,66,56,30,28,17,20,6,5,11
SK0231,Okres Komárno,100952,414,416,417,451,443,457,442,411,451,478,457,536,472,465,504,480,469,433,390,465,468,480,485,545,601,523,575,582,620,709,704,654,757,739,755,810,765,818,806,857,844,884,883,963,1043,852,896,852,826,760,730,816,673,738,773,686,762,703,735,724,708,632,690,709,643,632,643,629,611,546,530,415,391,375,296,268,301,240,234,196,198,138,134,105,90,85,69,80,59,48,28,20,21,12,9,3,6,3,1,1,0,375,432,410,422,445,431,397,412,430,469,414,472,477,454,439,433,429,428,398,391,415,492,472,491,499,472,538,627,574,630,645,573,657,677,723,699,792,767,763,719,770,843,856,842,822,903,841,795,746,743,696,734,706,723,691,749,739,778,699,747,726,716,752,761,815,832,802,806,768,706,708,593,592,576,469,450,447,445,437,435,367,358,274,262,240,228,189,170,132,112,76,68,49,42,41,22,15,5,7,5,2
SK0232,Okres Levice,110469,470,492,509,499,503,506,514,482,519,520,559,558,526,493,516,543,498,476,515,466,543,547,590,595,625,644,664,715,813,745,757,801,823,785,817,838,860,842,870,805,897,875,932,1006,950,993,950,936,851,801,775,771,723,745,818,782,798,751,735,753,778,749,759,774,738,766,722,696,726,632,559,519,454,398,293,237,281,250,247,203,193,164,128,125,103,74,48,59,50,37,27,14,11,8,8,18,4,3,2,2,0,467,469,475,501,477,495,522,433,506,489,492,528,523,533,487,495,480,511,493,494,527,582,569,563,628,598,640,628,700,690,697,702,710,743,751,793,780,766,762,807,854,897,852,901,912,961,929,918,863,823,708,741,726,783,814,774,800,771,817,844,806,808,881,799,861,846,878,871,815,785,721,686,583,630,520,471,551,406,487,419,392,364,323,298,252,231,182,186,169,118,107,81,68,39,36,25,13,9,7,3,4
SK0233,Okres Nitra,164788,851,829,897,902,869,897,834,855,827,820,847,838,812,703,705,753,755,687,731,745,784,822,818,808,832,803,951,1099,1062,1138,1261,1226,1311,1229,1366,1383,1390,1382,1395,1389,1431,1418,1428,1569,1426,1371,1473,1351,1264,1216,1053,1090,967,1037,1033,1037,1113,1088,1005,1093,1009,1044,1084,1026,1003,1001,989,981,939,846,854,730,652,664,513,405,432,365,305,338,265,225,199,172,183,134,138,116,80,58,54,39,24,26,14,6,9,6,1,1,4,787,867,866,830,902,816,844,784,805,773,780,793,748,717,654,696,691,685,652,703,745,775,823,820,791,831,912,1051,1039,1181,1184,1133,1302,1272,1291,1294,1246,1295,1292,1273,1381,1407,1403,1384,1386,1343,1341,1294,1172,1194,1061,1085,1081,1049,1081,1118,1168,1070,1058,1123,1090,1115,1156,1167,1189,1234,1216,1153,1178,1158,1095,964,937,860,780,684,719,653,585,566,525,461,466,409,377,368,278,260,236,190,150,124,86,84,28,35,26,17,10,8,6
SK0234,Okres Nové Zámky,138168,553,648,595,674,640,581,655,619,656,604,617,676,655,621,620,612,591,605,640,615,652,663,673,722,779,746,761,906,887,949,942,958,976,969,1048,1131,1110,1109,1111,1160,1199,1205,1204,1187,1154,1139,1279,1175,1092,1006,997,984,961,915,955,986,982,918,977,936,944,909,1024,966,952,940,862,876,834,797,761,647,585,516,403,366,380,318,292,301,300,218,158,177,140,106,99,101,76,56,46,41,25,18,14,12,11,8,3,6,6,535,531,549,607,605,593,609,557,551,610,639,639,595,569,545,578,570,577,575,551,613,631,658,708,697,690,770,753,868,900,864,942,904,904,948,957,1003,1002,1084,1054,1040,1088,1141,1145,1171,1176,1179,1063,1081,954,1004,1012,840,852,1001,1037,1061,1020,1004,1062,1015,1009,983,1043,1152,1100,1026,1062,1071,1040,1029,868,808,779,739,628,614,592,613,522,531,456,420,320,325,303,259,236,215,142,126,94,94,53,43,35,38,17,13,8,7
SK0235,Okres Šaľa,51477,248,247,227,293,245,269,266,264,249,302,248,245,270,228,255,263,228,237,228,232,259,238,258,300,310,297,304,327,379,365,346,337,413,393,401,397,422,417,450,404,420,454,457,436,433,419,481,413,429,346,367,366,355,325,363,398,372,396,346,391,326,358,329,352,306,330,317,277,279,269,241,199,216,171,187,139,115,114,119,107,107,78,73,42,50,52,38,31,22,24,14,3,9,4,6,2,2,0,1,0,0,191,228,217,244,231,213,220,226,243,222,236,239,249,235,226,245,239,248,196,201,220,250,280,252,253,272,314,330,339,336,313,316,338,349,348,405,356,395,403,402,385,421,420,401,400,445,445,435,387,388,409,356,340,345,393,369,411,398,360,340,362,378,358,390,373,376,313,359,377,352,341,306,245,277,274,199,245,215,191,191,177,154,131,113,92,95,92,65,58,51,41,19,20,11,10,8,5,4,2,1,1
SK0236,Okres Topoľčany,70877,313,304,320,322,326,303,312,353,304,322,347,367,346,350,327,321,311,306,327,321,336,358,353,397,355,392,397,472,463,465,511,510,528,513,552,607,571,592,610,598,622,669,648,655,660,600,616,607,586,521,539,490,451,455,469,497,503,483,482,478,510,478,486,527,522,482,437,436,447,401,360,306,315,276,261,209,179,192,150,143,126,93,104,76,59,53,43,43,43,31,25,13,18,6,6,7,6,4,0,1,2,288,288,274,287,280,282,303,317,307,326,310,361,341,293,321,309,297,288,297,274,287,323,302,341,408,406,401,429,411,510,424,482,462,485,510,441,510,575,574,558,577,602,603,541,536,559,598,565,524,494,496,478,454,458,498,461,500,510,500,514,526,519,511,526,569,543,521,513,521,496,513,425,416,386,340,314,297,305,253,247,237,229,178,183,177,133,113,125,105,79,64,61,32,25,14,12,13,10,2,0,5
SK0237,Okres Zlaté Moravce,41169,169,212,206,189,218,175,185,200,213,191,222,197,192,177,171,192,193,171,176,181,200,216,223,195,246,271,256,320,273,317,315,288,327,301,306,315,301,345,333,347,345,336,339,347,332,332,355,350,284,288,300,263,290,288,292,297,351,283,283,293,245,280,318,273,267,280,242,243,259,241,227,185,157,153,109,118,111,108,92,66,86,77,37,59,42,24,21,28,20,20,17,9,4,6,4,3,0,1,2,0,0,204,211,221,211,208,174,193,180,179,190,175,155,179,164,169,177,146,169,153,160,224,202,177,214,235,228,251,289,267,305,286,300,321,292,288,266,289,284,293,323,292,308,317,317,319,292,303,330,287,295,265,284,262,269,305,290,285,258,265,275,288,273,300,313,283,295,295,264,280,279,302,255,244,247,215,159,186,172,167,161,150,166,149,110,95,112,69,68,57,67,50,35,33,21,7,3,7,6,6,1,2
SK0311,Okres Bytča,31154,180,167,195,193,174,160,177,147,178,155,164,188,171,169,157,189,167,171,181,187,183,180,217,210,201,211,229,267,238,251,276,222,250,242,248,235,234,265,243,248,241,251,265,304,275,267,286,268,235,239,233,207,194,180,197,197,185,181,192,187,184,177,173,177,167,162,162,150,155,138,139,124,106,93,55,80,74,51,46,46,46,36,34,32,33,18,12,14,16,11,14,6,2,6,0,0,2,0,0,0,0,163,170,171,185,161,179,151,152,142,146,150,154,196,182,157,165,160,170,163,153,176,187,195,191,211,199,227,225,236,237,221,225,231,225,213,221,237,244,203,226,222,230,265,248,283,257,273,255,224,195,195,202,187,175,189,193,179,191,185,180,177,172,180,186,201,180,181,190,207,178,198,162,143,158,122,116,113,90,100,79,83,81,92,65,57,45,28,47,39,24,23,18,15,8,5,5,8,4,0,0,1
SK0312,Okres Čadca,88642,459,478,468,434,440,409,442,453,431,417,438,475,469,465,460,492,478,516,494,501,550,547,534,583,614,601,643,708,702,748,699,721,772,726,747,781,743,738,720,701,726,770,802,802,721,737,740,732,681,697,607,591,585,609,628,635,683,591,599,607,580,579,519,531,476,505,494,390,451,426,393,309,263,279,194,199,147,149,140,108,98,99,75,71,70,39,36,38,33,30,15,13,6,10,5,7,3,2,1,2,2,404,462,466,447,421,430,428,400,439,408,429,475,458,437,410,418,462,468,425,498,543,512,533,577,533,577,595,644,622,669,672,659,621,640,620,673,634,620,655,609,607,688,711,705,707,729,722,667,670,574,607,594,558,591,565,575,617,648,568,588,573,578,620,618,633,544,525,512,528,521,487,418,410,376,319,305,308,281,228,251,248,219,209,169,129,142,134,116,108,89,66,42,33,29,26,12,9,7,4,5,0
SK0313,Okres Dolný Kubín,39026,225,177,247,233,220,211,202,225,217,219,228,221,238,209,192,216,216,207,196,219,242,253,208,225,264,248,254,299,288,312,318,317,306,300,273,317,310,309,305,356,312,323,330,304,325,318,280,303,306,258,253,251,241,234,232,248,241,263,235,251,236,231,230,239,280,244,217,210,192,190,165,157,142,134,91,78,103,93,81,61,58,52,46,51,37,37,23,22,14,12,18,7,5,4,2,3,0,3,1,0,1,203,212,211,202,208,195,215,206,206,211,207,206,181,195,182,176,208,187,221,202,199,220,217,245,210,230,276,293,284,267,302,291,265,265,291,302,291,262,257,296,266,299,291,296,281,273,273,280,259,304,259,255,234,229,255,285,255,260,238,273,268,255,290,302,275,252,261,255,232,243,199,178,219,188,142,152,117,125,129,120,128,90,86,86,84,68,59,53,46,37,32,28,12,24,10,6,6,4,0,2,1
SK0314,Okres Kysucké Nové Mesto,32699,166,188,187,173,159,146,166,174,168,158,184,180,194,161,174,179,176,155,177,170,197,168,196,197,197,221,204,258,235,240,277,237,252,240,267,254,313,232,285,301,260,272,283,275,285,291,294,292,238,245,257,206,198,232,217,256,211,248,207,219,213,203,185,247,185,210,156,151,161,142,138,118,128,88,82,95,87,59,50,63,42,48,37,34,25,33,21,16,9,10,6,6,3,3,3,5,2,0,0,0,0,149,149,174,143,180,166,132,160,154,187,146,169,181,158,161,141,163,137,172,176,180,173,225,202,183,213,222,217,212,246,235,241,216,237,222,227,256,247,227,268,251,280,240,231,260,275,246,278,240,229,217,217,213,199,187,217,207,214,182,237,224,221,196,229,227,209,202,187,195,194,200,174,163,140,126,112,143,96,116,92,96,83,75,86,74,60,58,39,35,24,34,18,18,8,4,6,4,4,1,1,2
SK0315,Okres Liptovský Mikuláš,71935,339,355,370,340,384,370,381,341,393,378,321,352,364,342,347,336,321,329,310,315,344,367,368,406,378,383,473,479,463,523,473,511,539,509,550,556,557,562,543,550,562,661,580,594,629,560,602,563,520,533,509,504,423,441,446,517,519,511,432,506,497,471,459,488,489,449,458,469,403,400,359,312,304,278,230,204,208,170,186,126,137,114,103,61,61,68,60,58,53,32,36,30,14,12,7,6,8,6,5,0,1,302,331,336,334,308,331,287,349,352,336,342,326,343,304,314,350,322,306,310,315,317,348,329,368,362,383,437,447,441,452,456,473,493,459,525,543,503,549,561,541,576,573,575,549,568,554,612,556,517,544,509,484,445,515,540,508,505,553,478,494,466,489,505,570,562,599,523,541,503,549,478,423,425,381,334,352,296,275,265,258,240,231,221,154,184,153,144,140,126,99,107,68,58,31,23,15,16,15,6,3,1
SK0316,Okres Martin,94376,401,415,454,442,483,494,456,481,490,450,500,482,464,412,434,399,460,444,423,468,431,447,476,434,501,493,536,630,627,646,645,620,705,725,740,750,767,751,753,697,716,792,776,828,868,842,818,727,718,701,642,602,569,616,583,648,673,652,684,665,585,655,611,640,577,618,605,553,547,487,471,416,433,392,291,267,210,241,192,202,177,133,142,121,123,97,72,89,49,43,28,28,19,14,3,7,8,1,1,0,3,427,442,469,455,471,466,430,420,443,459,486,419,458,413,417,412,413,397,442,389,455,393,443,435,444,497,533,592,593,633,643,656,644,643,709,732,682,671,727,686,729,768,805,762,826,763,765,807,688,675,644,634,631,621,615,690,735,714,662,659,653,642,669,709,712,711,713,733,633,732,638,548,577,486,453,357,387,370,393,353,296,262,297,276,225,177,182,156,119,146,78,64,62,45,31,32,7,9,7,2,5
SK0317,Okres Námestovo,63200,503,541,474,477,487,478,424,415,463,491,439,484,422,437,411,449,458,426,451,440,479,489,548,474,439,518,540,632,590,616,556,533,514,504,516,519,474,459,450,479,459,475,465,467,512,480,487,470,414,429,394,371,386,357,363,377,341,372,295,302,317,310,311,293,260,251,240,220,212,236,180,155,167,135,103,94,101,74,79,60,53,54,45,26,28,28,25,26,10,12,10,8,9,3,3,2,2,0,0,2,0,492,515,447,474,475,435,413,415,425,417,456,459,444,408,414,403,411,438,437,437,476,462,480,493,490,513,503,547,547,523,495,480,503,423,410,414,433,423,440,445,377,442,434,460,427,399,456,442,430,361,371,383,313,365,348,361,320,322,336,291,294,305,273,281,277,314,302,273,243,243,234,237,190,194,145,159,158,166,119,138,112,103,87,75,82,61,64,54,45,32,33,34,21,13,8,6,4,4,1,4,0
SK0318,Okres Ružomberok,57392,281,290,333,290,309,296,264,257,309,312,272,313,279,288,268,316,272,280,257,270,302,307,324,316,370,337,409,409,405,430,417,394,417,407,404,465,467,451,492,481,470,476,475,482,521,495,465,472,460,373,377,402,347,330,361,355,362,378,342,368,369,363,340,361,350,382,336,304,335,335,302,243,260,246,171,136,140,113,105,94,100,97,78,50,45,52,41,40,27,22,16,11,7,9,7,3,1,1,1,3,0,286,301,318,311,274,262,267,278,262,238,291,287,282,263,264,313,299,271,276,271,313,308,341,320,359,344,349,386,397,415,388,392,391,400,417,392,391,428,414,403,399,471,402,478,477,426,431,471,435,405,362,355,345,326,357,377,384,412,363,422,381,378,400,384,433,476,409,414,410,431,385,350,318,314,251,227,212,204,203,184,186,162,176,149,113,101,110,69,76,61,56,35,31,20,22,10,12,3,5,2,2
SK0319,Okres Turčianske Teplice,15956,67,70,71,77,70,67,67,70,72,69,67,66,73,58,64,75,70,79,65,81,93,76,92,88,79,89,99,102,100,103,133,119,77,97,124,136,110,131,114,120,135,148,121,154,133,137,129,113,127,118,122,100,112,120,114,127,120,116,87,137,91,111,118,127,103,119,120,105,129,83,91,66,87,67,53,55,39,45,45,41,31,20,24,23,18,13,12,15,11,7,7,7,6,2,3,1,0,0,0,0,1,85,76,68,76,69,79,70,71,78,73,64,81,69,79,88,56,69,61,70,58,77,80,85,78,84,91,97,96,112,101,98,108,113,107,99,104,129,101,114,112,112,118,110,136,128,122,119,117,133,125,108,94,121,97,90,121,113,125,94,113,100,106,104,125,128,108,119,134,112,107,104,91,94,88,76,58,53,72,65,59,51,65,55,48,42,32,36,27,32,28,13,15,15,7,4,6,3,3,2,0,1
SK031A,Okres Tvrdošín,35856,223,213,234,232,219,210,222,227,233,208,222,219,188,203,211,200,220,219,221,243,216,246,228,275,251,275,272,330,291,309,314,293,286,284,284,273,278,272,273,298,284,285,317,299,289,294,289,285,258,248,269,223,206,180,219,208,229,226,207,188,184,184,196,196,196,183,179,178,166,170,154,115,140,124,81,65,65,64,57,64,44,36,49,20,20,31,15,14,10,10,12,2,4,1,4,1,0,0,0,0,0,202,237,194,210,209,169,203,172,212,219,206,200,229,192,210,211,205,199,210,200,240,216,226,203,249,240,236,255,252,271,271,263,259,265,244,253,245,258,259,261,267,284,249,238,257,259,267,251,270,234,215,179,195,212,187,217,215,221,207,225,205,208,217,209,226,207,216,215,233,203,208,184,202,163,95,131,127,103,100,107,73,83,70,64,59,53,59,31,48,28,21,14,10,10,9,3,6,0,0,0,0
SK031B,Okres Žilina,161377,893,941,919,934,943,944,851,895,955,901,882,873,829,796,807,776,767,694,708,748,785,844,877,824,931,941,1014,1088,1088,1213,1139,1184,1307,1232,1304,1370,1334,1425,1350,1385,1421,1502,1445,1454,1435,1335,1310,1225,1250,1114,1039,985,1030,942,956,1038,1055,1077,989,1015,990,1019,1063,1004,1060,995,905,852,873,825,747,694,646,588,468,417,373,324,321,286,266,243,165,110,133,116,114,93,74,55,48,40,31,19,18,8,10,5,1,2,3,821,865,875,901,882,834,843,846,851,826,815,849,787,726,695,725,699,756,678,667,784,777,800,863,821,895,892,1098,1064,1149,1147,1220,1188,1212,1322,1273,1277,1267,1242,1286,1290,1389,1364,1345,1282,1231,1203,1144,1173,1097,1061,1019,941,1002,1023,1034,1106,1116,1004,1089,1080,1063,1107,1171,1165,1158,1095,1056,1013,1012,990,834,869,847,659,634,572,540,515,519,469,441,392,362,283,352,276,230,223,156,135,128,73,67,48,32,33,11,11,6,7
SK0321,Okres Banská Bystrica,108730,531,533,568,561,540,540,532,538,537,543,504,520,499,488,419,446,443,427,408,429,435,472,454,472,473,493,584,652,642,755,763,784,776,826,824,838,953,882,864,892,891,959,959,922,948,948,936,853,745,752,698,662,627,664,716,730,741,809,732,713,678,703,684,721,778,716,734,701,664,655,591,515,507,442,342,318,277,275,286,214,196,170,134,131,109,81,93,74,67,63,39,31,22,14,13,12,7,6,5,1,3,496,546,530,523,548,519,505,500,471,491,524,498,447,479,410,466,443,403,392,422,412,419,473,453,501,523,530,687,706,704,733,720,832,769,835,907,876,900,840,868,848,935,929,908,906,926,927,876,762,737,705,702,666,733,754,797,874,815,851,886,824,855,905,899,887,918,906,916,861,840,752,659,643,649,537,518,479,434,452,394,341,309,316,255,246,193,169,171,158,107,94,91,63,34,28,23,14,13,7,6,9
SK0322,Okres Banská Štiavnica,15649,83,70,78,73,60,80,69,72,60,84,77,88,75,75,78,75,74,74,76,61,74,89,74,82,86,87,89,112,114,121,111,118,120,119,137,110,132,133,136,122,100,145,135,137,144,115,149,131,112,130,93,99,105,105,95,106,90,118,99,97,117,113,99,107,85,95,87,104,96,83,69,73,68,62,43,31,50,56,34,26,22,24,13,19,4,11,9,8,6,8,1,4,3,2,3,0,0,0,0,0,0,79,72,85,95,59,66,72,60,72,65,105,80,82,87,73,71,70,78,67,59,71,78,86,75,80,70,89,114,99,97,111,110,111,114,113,121,117,116,115,115,120,128,127,124,124,121,141,112,118,120,108,90,93,114,106,126,117,128,96,108,111,99,101,113,112,117,102,118,115,102,119,103,103,78,69,56,71,57,62,46,59,44,56,37,35,23,25,15,22,17,12,12,7,10,4,4,2,1,0,0,2
SK0323,Okres Brezno,59446,299,316,297,292,287,271,301,302,282,307,261,297,324,258,272,311,291,284,285,270,303,335,319,337,348,357,395,429,425,422,488,440,372,411,460,441,439,426,445,445,431,467,460,469,487,453,505,471,429,401,433,433,391,393,444,398,470,422,434,405,417,383,402,397,426,372,347,370,325,336,298,254,252,219,161,151,141,132,134,100,104,98,67,61,64,50,50,47,44,22,21,17,13,10,7,2,9,4,1,4,2,280,252,279,305,287,266,264,299,248,297,306,306,266,310,278,300,289,275,282,250,307,292,298,340,327,316,377,403,388,358,413,339,383,385,385,419,414,386,395,423,444,441,450,439,441,458,473,471,437,424,399,398,397,410,415,410,445,424,387,448,429,422,436,429,473,473,421,425,438,375,360,332,357,360,267,266,233,253,246,257,221,199,197,143,139,139,113,93,98,73,63,42,40,25,15,12,10,7,7,4,2
SK0324,Okres Detva,31034,139,157,148,155,153,143,122,148,164,150,145,151,134,132,139,150,148,149,117,136,143,167,173,184,182,188,211,222,211,192,229,190,211,215,245,236,224,243,240,236,263,235,254,281,278,273,257,243,241,256,225,218,235,204,234,222,259,250,191,199,212,195,195,200,205,185,201,174,166,185,172,143,161,123,92,94,73,69,70,76,50,44,55,47,30,28,28,23,13,13,5,8,3,4,1,2,1,0,0,0,0,129,125,145,141,144,138,145,145,149,167,136,143,113,145,128,159,135,138,127,149,132,148,149,152,154,181,184,200,219,196,210,199,227,210,203,217,225,203,227,217,228,248,233,276,261,227,231,245,225,240,171,199,192,230,211,204,229,230,212,187,216,215,239,223,241,208,234,231,226,241,186,194,170,179,148,146,147,138,130,135,112,102,102,95,78,67,54,41,50,51,28,22,20,16,10,10,4,2,2,0,2
SK0325,Okres Krupina,21517,119,135,119,106,138,114,99,95,98,94,116,112,121,108,121,113,103,116,107,111,126,143,120,158,146,134,163,150,174,160,182,162,158,163,179,153,162,164,182,162,164,180,183,180,178,168,164,161,164,137,158,150,138,118,149,195,179,133,134,155,155,136,136,133,119,146,110,107,110,128,90,82,78,83,50,49,41,31,43,35,42,28,24,20,19,11,14,11,10,4,6,2,2,4,1,1,0,0,0,0,0,115,110,122,103,109,104,100,118,84,104,121,102,101,109,116,119,117,122,99,117,127,120,104,145,129,137,133,142,137,177,128,124,161,145,153,138,151,151,154,148,136,140,178,143,148,162,177,142,178,153,149,147,132,136,149,144,166,140,133,137,150,152,132,145,132,147,113,133,152,147,115,127,101,119,90,105,88,81,97,79,79,65,48,57,31,46,30,32,28,18,16,12,10,9,4,2,2,1,1,0,0
SK0326,Okres Lučenec,70422,336,301,363,422,407,363,366,370,389,388,378,414,351,358,368,411,379,343,337,383,388,406,407,400,422,400,385,402,442,497,474,465,478,471,544,524,576,570,569,550,555,617,591,618,594,579,555,559,514,465,471,463,470,431,455,479,471,470,468,484,496,453,457,487,467,429,401,380,392,362,338,276,244,245,183,157,162,157,160,132,98,90,85,65,63,39,48,39,24,32,20,11,12,6,1,1,0,6,1,1,0,310,341,327,330,347,330,364,353,335,368,406,398,377,335,378,364,383,345,327,347,341,378,380,391,397,402,399,459,457,441,398,444,446,472,529,519,576,551,536,506,540,567,556,585,597,591,555,536,517,476,433,465,462,430,505,523,495,485,480,523,507,522,535,477,473,541,465,502,504,449,432,400,365,363,309,296,299,280,295,235,239,200,171,150,139,151,108,109,89,65,50,42,38,21,24,12,11,3,7,2,8
SK0327,Okres Poltár,20634,76,91,84,91,90,109,77,97,87,99,105,100,97,98,94,106,96,110,109,101,111,118,127,122,120,126,124,139,146,142,144,131,147,124,160,176,141,154,165,170,168,174,184,180,172,191,157,169,149,143,148,151,135,165,146,142,152,143,141,159,154,130,153,129,128,133,146,146,114,126,106,95,92,81,71,58,49,47,45,42,47,35,26,27,23,15,13,9,8,11,1,9,6,1,6,2,1,2,3,0,0,84,81,90,105,110,75,99,108,90,84,99,108,113,91,101,93,87,97,91,89,106,97,113,138,109,115,118,132,116,124,126,99,117,121,135,141,149,142,165,154,153,149,175,172,158,146,173,148,149,144,138,139,143,136,125,129,141,145,127,141,144,135,162,168,174,157,163,159,139,148,123,138,117,99,97,75,94,97,80,87,57,77,46,44,59,43,41,38,42,30,23,15,14,12,10,9,3,2,3,3,1
SK0328,Okres Revúca,38669,205,233,201,248,235,219,217,233,218,233,234,289,210,237,254,280,241,232,232,239,220,230,256,242,277,251,266,263,268,267,259,284,277,291,272,300,300,313,258,297,303,298,303,317,330,316,331,307,280,246,253,244,251,259,234,274,228,249,230,224,252,228,235,232,228,209,227,213,206,198,155,153,131,114,83,85,89,71,86,65,52,37,38,33,33,24,24,18,15,6,5,7,5,4,0,4,2,1,0,0,0,178,187,199,218,203,220,226,213,231,241,219,240,239,242,225,230,206,210,236,198,208,230,239,235,223,226,215,224,261,258,276,240,234,260,273,307,257,254,241,249,275,272,258,291,296,333,286,289,291,249,239,257,234,242,239,243,262,260,263,223,254,239,254,293,271,239,286,266,238,252,230,220,210,201,124,146,160,129,138,119,106,90,67,71,63,60,41,47,41,28,36,15,10,7,5,7,3,2,1,1,0
SK0329,Okres Rimavská Sobota,80666,488,470,489,450,494,517,493,465,489,444,508,505,526,519,517,504,482,493,459,493,433,486,480,518,498,499,462,493,523,539,610,600,583,580,613,647,653,620,581,588,646,649,707,668,698,680,590,642,539,544,472,531,493,471,538,502,482,528,498,487,512,478,478,488,467,460,412,439,380,384,346,276,244,243,190,190,176,116,134,122,114,102,75,69,50,44,50,36,32,15,18,11,14,7,4,2,5,3,2,1,0,435,448,454,536,470,464,520,489,485,464,494,490,451,451,492,460,479,461,457,420,460,470,495,502,464,437,435,536,492,490,489,583,587,567,536,563,597,572,587,513,592,600,639,623,631,639,625,587,536,507,499,539,490,479,573,525,540,550,515,557,549,524,558,553,571,591,525,482,483,541,420,449,390,354,308,271,287,265,261,267,224,236,161,147,148,118,119,89,91,91,52,39,28,19,20,11,3,3,6,4,2
SK032A,Okres Veľký Krtíš,41998,179,165,205,191,197,197,207,183,195,198,199,220,189,183,200,192,214,179,198,199,214,240,234,224,260,233,275,328,296,311,292,311,344,320,353,374,343,346,342,346,329,364,320,343,368,347,313,355,333,300,277,302,288,271,309,305,321,299,308,297,296,298,304,281,296,283,234,264,240,206,210,153,153,130,119,110,103,95,90,73,55,51,39,46,45,26,26,23,17,19,8,4,5,5,4,1,0,0,1,0,0,173,206,194,164,192,182,187,193,193,173,182,195,191,181,205,173,208,184,183,188,220,199,224,247,241,243,284,257,272,262,308,295,286,272,314,287,278,312,267,301,288,354,320,300,319,318,343,301,307,267,273,287,308,300,337,321,318,311,331,333,327,299,332,291,317,323,315,285,304,253,260,250,225,231,214,163,157,171,190,172,156,120,118,102,90,80,72,67,55,47,39,29,17,11,7,8,3,1,4,3,0
SK032B,Okres Zvolen,66750,300,337,325,328,343,317,315,287,307,302,286,353,308,318,317,302,318,284,300,292,325,322,334,331,366,346,402,414,408,484,448,486,436,492,543,488,493,500,495,540,571,572,560,630,608,561,642,551,533,420,465,451,445,397,444,489,435,486,432,452,424,420,391,451,416,423,422,426,337,363,358,295,314,245,213,163,187,176,161,129,130,101,73,53,74,60,52,44,39,23,21,15,14,12,7,4,3,5,4,0,2,304,310,304,325,330,278,309,334,322,317,315,295,331,294,315,266,323,301,283,264,305,302,311,299,333,345,350,375,461,463,424,428,442,458,482,453,517,491,504,523,501,586,572,544,608,562,575,559,502,514,480,454,435,447,522,484,491,505,423,470,460,449,487,494,546,480,542,504,484,480,465,393,393,406,339,295,312,271,270,253,222,216,192,164,157,135,119,109,84,79,69,45,41,19,28,18,12,4,3,2,3
SK032C,Okres Žarnovica,25242,130,129,103,110,130,107,113,122,137,114,115,122,121,114,116,112,115,109,131,133,150,138,149,156,131,154,173,168,163,177,190,193,198,192,206,199,192,208,203,200,197,212,245,210,198,198,237,163,187,185,173,165,176,181,164,147,208,183,166,153,172,185,177,176,188,143,178,175,170,134,146,134,120,99,69,62,72,63,68,49,40,43,36,26,28,19,12,18,12,7,7,7,4,4,5,4,7,1,0,0,0,120,124,118,141,108,110,105,112,94,101,126,106,122,101,102,117,113,101,99,109,125,131,125,121,134,137,140,152,156,172,167,169,184,180,172,202,181,176,199,149,179,201,205,194,178,200,211,177,173,164,158,142,161,152,182,176,173,181,165,186,192,173,158,172,182,191,190,194,166,172,192,163,148,147,125,115,107,88,96,86,86,87,77,59,68,55,38,47,28,28,26,21,23,16,13,10,5,5,1,1,1
SK032D,Okres Žiar nad Hronom,44844,192,208,221,267,227,213,211,198,222,207,210,208,205,236,182,199,189,204,181,189,249,229,203,211,257,260,259,290,275,315,305,320,309,340,326,344,350,369,354,347,366,371,396,377,407,346,360,367,310,306,311,315,316,294,316,326,327,357,310,322,301,304,315,308,330,289,297,249,262,252,236,227,213,208,144,121,149,118,112,78,78,104,57,48,43,51,43,30,16,23,12,14,12,4,3,0,3,3,0,0,0,222,179,204,203,187,193,201,206,172,196,218,195,202,186,180,196,209,209,181,194,188,215,216,235,231,234,282,275,288,305,305,276,289,289,326,317,311,304,296,326,339,363,345,358,328,350,319,361,315,294,295,297,299,312,297,333,320,335,308,328,307,300,341,366,379,346,337,315,321,335,301,297,274,233,228,195,223,186,165,196,183,163,167,133,103,95,91,77,69,52,62,39,22,21,18,7,7,9,1,1,4
SK0411,Okres Bardejov,76012,443,458,469,481,495,440,449,422,438,449,445,437,467,450,433,429,417,437,471,460,447,457,491,548,522,537,568,592,606,639,570,573,559,557,614,583,543,554,613,599,639,581,629,590,625,586,594,568,555,493,495,517,459,468,500,482,500,555,451,469,476,441,470,462,438,420,382,387,354,359,347,285,279,244,207,180,167,152,133,139,116,81,73,80,55,59,60,43,41,27,22,12,7,7,6,5,4,0,3,1,0,442,463,445,418,429,413,411,430,397,382,439,437,454,385,435,467,434,428,451,394,438,489,462,496,453,458,477,578,544,547,499,461,538,533,536,551,491,503,509,565,565,546,497,523,533,515,586,530,513,467,489,465,465,450,469,488,483,503,450,494,469,441,466,520,453,509,447,426,448,471,373,397,451,351,257,279,260,237,239,241,236,197,188,174,139,122,117,93,66,59,50,52,40,31,16,15,12,3,4,6,2
SK0412,Okres Humenné,60126,255,250,267,269,280,248,277,272,289,256,274,296,294,336,296,307,305,293,283,324,361,316,354,377,353,372,434,438,472,444,452,486,499,486,467,451,466,444,493,491,487,531,501,508,489,509,475,470,431,447,382,412,375,414,384,396,461,416,407,432,439,401,405,379,389,360,372,320,328,344,279,266,247,232,180,167,153,124,109,98,103,72,66,58,52,58,45,40,23,26,21,5,7,8,8,6,2,2,3,1,0,242,245,265,284,238,260,272,259,262,290,299,304,271,305,271,276,266,289,286,300,324,295,334,335,353,396,384,413,468,412,435,415,434,417,427,453,419,429,437,399,411,454,487,438,466,461,453,457,445,444,398,417,374,376,421,445,411,461,425,430,407,432,418,428,439,447,449,417,408,419,401,413,324,358,265,221,247,221,208,210,205,196,163,127,139,110,88,78,87,47,45,37,28,10,21,8,7,4,2,2,1
SK0413,Okres Kežmarok,73685,632,599,611,609,628,597,578,599,570,603,617,629,609,546,531,523,538,510,493,458,535,545,566,573,595,527,595,590,602,585,616,598,583,574,525,596,514,535,547,550,531,542,547,563,569,453,491,491,492,446,438,441,410,384,372,392,382,407,338,388,355,354,344,306,337,312,289,287,283,233,229,182,197,166,144,116,97,96,80,83,73,73,50,41,29,45,24,21,13,20,14,8,5,8,1,5,4,0,2,0,0,576,610,592,620,589,578,547,557,565,605,618,605,536,495,507,506,503,459,464,503,529,492,510,493,527,514,523,578,583,552,569,565,523,535,488,561,531,529,485,494,483,487,514,483,502,486,483,478,472,406,438,415,394,393,400,415,357,385,379,361,364,342,387,328,344,373,344,282,322,295,278,289,271,231,206,171,200,164,150,148,145,128,114,91,90,79,69,69,49,39,38,26,21,19,13,8,7,5,4,1,0
SK0414,Okres Levoča,33107,211,206,192,196,221,209,197,196,220,202,221,222,226,190,190,169,204,205,212,238,220,223,235,249,226,235,240,287,261,270,235,245,228,256,248,243,264,260,289,243,256,251,262,262,262,255,235,252,232,205,203,246,178,200,216,212,223,187,187,198,188,212,209,211,189,194,174,162,147,142,113,103,103,90,76,56,61,58,46,62,50,29,36,33,18,33,19,13,16,11,13,10,6,2,3,1,4,4,0,0,0,185,188,192,188,198,196,177,222,201,193,232,173,212,198,188,220,206,178,201,189,208,214,197,216,211,244,231,260,252,214,249,206,233,229,228,252,221,231,227,252,251,210,245,207,233,247,233,250,220,225,208,214,193,198,183,198,187,211,194,223,213,201,229,186,214,182,196,216,165,172,178,140,109,135,84,113,90,94,93,85,93,91,60,49,58,64,48,42,41,37,17,19,14,10,7,9,4,4,0,0,0
SK0415,Okres Medzilaborce,11056,41,50,55,53,59,47,45,41,60,48,54,64,62,47,65,58,73,55,66,65,53,64,58,67,83,84,82,68,82,91,84,76,68,75,77,66,75,68,84,82,97,87,72,89,100,98,105,89,73,80,72,94,69,75,78,70,85,92,61,82,90,78,88,92,92,66,65,59,56,72,57,49,51,58,40,34,29,26,18,31,16,19,13,13,11,15,11,11,9,4,5,1,3,1,1,0,0,0,0,1,0,47,46,52,48,39,51,44,57,49,42,48,48,56,45,38,58,58,54,61,62,48,61,58,60,60,65,69,69,76,58,60,77,68,61,65,70,74,67,69,71,78,89,74,70,71,73,98,80,83,75,68,77,53,68,76,77,66,80,75,78,71,75,81,70,80,81,72,68,68,58,75,73,63,68,66,38,56,69,44,41,45,48,45,46,36,38,27,18,21,15,13,9,2,1,5,2,1,0,0,0,1
SK0416,Okres Poprad,102744,558,591,564,616,565,558,551,582,600,562,604,650,569,542,589,587,560,536,548,573,591,548,587,591,556,588,635,729,674,719,788,757,809,750,796,850,879,784,850,814,845,821,826,867,879,750,811,787,687,644,659,631,646,599,598,634,699,663,585,591,652,624,605,629,592,566,573,567,543,515,507,423,441,355,287,262,248,214,208,203,141,126,128,94,91,89,74,57,46,48,38,19,22,10,12,5,9,1,2,0,2,503,529,566,574,620,583,547,610,556,588,550,610,548,526,549,513,516,480,454,517,524,560,566,505,584,576,628,670,682,716,724,747,740,759,739,801,755,736,746,796,792,865,794,799,807,789,748,749,739,675,646,620,613,663,679,695,688,665,672,731,730,693,728,724,722,784,678,673,687,726,610,547,560,513,434,397,378,330,327,316,310,260,261,220,182,157,143,149,114,99,91,60,63,42,19,20,6,10,6,2,1
SK0417,Okres Prešov,172804,1086,1125,1150,1107,1134,1133,1086,1062,1104,1019,1063,1105,1044,981,960,973,981,942,902,939,984,988,922,1074,1097,1108,1100,1302,1293,1366,1388,1293,1317,1319,1382,1439,1417,1312,1383,1301,1411,1407,1364,1302,1386,1264,1332,1219,1131,1079,1074,1018,970,1027,1010,1083,1097,1112,1034,1058,1075,1034,1018,1047,977,971,942,816,741,758,667,603,598,552,423,381,349,323,310,268,255,209,179,181,141,119,111,132,101,81,60,45,50,17,18,16,6,5,8,8,6,1001,1093,1023,1159,1108,1108,1035,1035,1014,993,1038,1050,943,924,916,935,913,871,868,864,948,994,975,992,1009,1020,1175,1197,1241,1240,1292,1284,1296,1252,1271,1276,1298,1296,1236,1295,1220,1251,1300,1232,1231,1203,1203,1206,1178,1076,1125,1062,1035,1000,1056,1117,1159,1133,1131,1062,1190,1075,1126,1155,1156,1116,1126,1005,981,918,925,864,843,793,546,605,613,544,568,528,530,428,412,391,368,317,298,265,218,201,148,116,88,70,49,23,29,21,12,8,17
SK0418,Okres Sabinov,60389,523,505,490,482,458,492,478,439,459,450,443,505,429,405,414,427,447,397,419,434,434,460,475,421,513,487,496,505,497,495,471,519,458,434,447,413,423,449,409,427,429,396,401,388,469,415,434,403,392,369,358,340,330,343,346,344,365,341,322,292,296,290,302,306,273,265,246,237,251,224,203,188,154,175,131,109,100,110,67,83,75,66,63,60,45,39,41,33,28,15,17,9,4,6,3,3,7,1,2,0,1,531,497,498,438,469,456,418,412,440,430,431,431,434,400,385,407,344,384,408,412,413,453,442,426,421,427,523,437,484,480,435,443,396,412,416,382,403,381,364,405,400,407,394,355,403,392,404,421,364,362,328,349,316,328,335,318,318,308,273,285,317,309,293,295,303,294,301,235,274,252,251,245,236,201,172,176,173,158,155,148,120,138,116,114,86,74,75,76,58,51,36,26,18,10,14,14,8,0,4,1,0
SK0419,Okres Snina,35125,190,147,154,153,142,172,141,136,180,184,154,178,174,169,170,172,182,171,155,176,206,199,210,213,230,241,264,269,277,257,268,256,328,271,288,285,308,232,288,288,267,287,286,285,262,282,264,294,269,243,243,252,224,255,264,238,253,273,259,247,238,245,264,269,214,225,208,170,168,167,159,144,141,135,114,87,73,63,57,67,57,43,30,47,39,31,28,30,13,19,15,7,6,1,3,4,2,2,0,0,0,147,142,145,125,163,145,140,150,159,148,148,178,170,155,150,173,160,194,164,162,210,205,205,236,242,242,255,242,245,254,248,236,247,269,229,262,263,245,259,240,221,270,259,259,258,248,281,260,246,266,236,228,234,236,246,260,290,270,272,275,253,256,247,240,271,249,223,214,199,200,227,213,179,180,144,97,126,120,112,133,118,110,85,103,88,58,73,48,61,28,31,19,9,11,6,8,3,3,2,1,0
SK041A,Okres Stará Ľubovňa,52968,411,371,369,356,410,378,363,369,367,344,386,396,332,354,355,349,334,354,357,363,345,396,407,399,376,374,406,465,479,448,411,451,461,412,417,414,401,386,441,372,380,395,352,370,349,358,354,340,365,305,303,297,303,319,323,327,360,327,326,312,293,295,273,271,308,266,237,236,217,196,215,181,157,150,122,81,109,80,82,57,73,56,46,46,44,31,35,22,22,18,15,7,4,4,5,1,2,3,1,1,2,399,362,389,403,358,362,326,335,341,331,342,366,334,295,302,298,320,326,339,343,345,374,372,376,393,350,394,417,411,436,372,421,396,392,372,359,356,334,354,358,334,344,344,355,305,358,351,338,319,320,326,287,292,321,316,317,297,327,299,320,327,288,297,270,298,273,267,276,261,239,213,216,207,194,156,140,153,110,134,120,123,113,115,99,98,73,69,57,56,37,43,36,32,15,12,8,5,2,2,1,2
SK041B,Okres Stropkov,19878,95,104,106,110,117,93,102,112,113,93,109,118,91,86,99,107,107,102,106,112,136,119,121,127,111,122,165,159,160,150,136,157,142,138,156,162,165,174,164,176,161,152,157,138,167,168,166,166,179,119,134,131,141,139,123,142,141,149,126,137,122,135,147,118,132,108,120,89,120,94,89,80,76,85,65,45,56,27,31,30,26,21,17,23,11,15,12,4,8,10,7,4,4,2,3,0,1,0,0,0,0,90,103,125,103,106,103,106,98,93,102,112,102,102,103,100,96,100,106,88,93,114,106,113,123,120,128,139,135,126,163,123,127,152,171,130,144,144,148,138,122,154,154,138,145,115,148,168,144,144,115,122,142,114,133,142,138,115,148,134,124,119,122,143,133,136,132,122,102,129,114,115,113,109,93,94,72,71,50,67,62,69,56,44,48,41,30,36,20,21,29,22,8,10,6,0,4,3,2,1,1,0
SK041C,Okres Svidník,31611,154,184,171,166,164,167,142,180,197,183,157,176,172,158,152,163,162,163,182,202,183,184,214,207,214,202,225,241,267,240,263,243,265,244,255,253,250,265,272,235,255,247,259,222,248,230,238,244,214,209,213,234,207,194,215,208,208,243,189,213,239,195,234,211,210,207,173,151,145,139,154,133,121,115,94,61,68,59,52,45,48,44,37,32,29,25,21,21,16,16,4,4,4,4,2,3,3,1,0,1,0,161,141,148,159,140,148,158,173,155,139,169,158,167,138,175,149,139,134,163,153,199,157,195,219,204,215,222,243,228,230,215,199,207,226,205,208,240,212,225,237,219,230,226,238,219,212,235,240,241,212,235,222,202,185,202,213,198,243,205,242,220,210,237,254,208,221,202,181,209,150,169,177,166,132,121,104,116,127,92,93,79,76,77,81,58,67,57,46,38,41,38,15,11,14,10,2,4,3,3,2,0
SK041D,Okres Vranov nad Topľou,79426,524,534,502,550,492,509,513,535,495,499,527,514,510,518,498,531,524,516,494,490,515,520,536,563,579,523,575,641,619,617,608,580,563,617,660,631,631,624,629,604,611,607,622,584,598,547,592,536,566,482,490,438,430,462,481,501,499,494,447,458,489,468,484,423,459,399,413,331,348,330,340,276,248,229,177,174,145,140,122,129,116,97,75,78,53,41,61,40,31,29,15,16,13,5,4,3,2,1,1,3,0,509,491,497,524,522,477,545,476,484,479,524,499,486,485,465,515,525,524,484,519,521,497,514,506,506,529,569,564,545,612,530,531,516,530,551,597,587,617,569,534,576,572,562,547,600,514,542,564,510,451,510,480,439,451,482,505,469,502,436,488,484,446,480,490,471,477,428,437,443,416,389,350,324,315,281,244,237,201,208,212,211,166,176,156,156,132,112,101,95,64,63,42,27,24,15,14,11,3,4,1,2
SK0421,Okres Gelnica,31698,243,214,238,239,228,245,228,238,240,204,225,221,237,178,239,193,209,187,191,188,199,201,219,224,214,230,256,239,262,230,199,219,226,206,240,237,206,210,189,203,261,213,181,216,232,217,224,204,207,194,201,197,192,197,203,214,217,205,176,191,179,193,179,163,170,162,154,141,152,132,114,104,100,100,78,61,71,64,56,48,43,48,42,42,25,28,22,21,26,20,9,11,7,4,6,2,1,1,1,0,0,230,236,241,213,237,252,230,193,200,225,237,209,204,235,208,177,198,181,180,184,181,194,222,234,213,169,221,213,234,234,196,224,229,218,199,199,196,159,195,181,194,179,192,228,192,223,205,238,198,183,165,184,177,184,201,177,210,192,195,165,174,189,190,176,178,186,178,158,159,165,154,133,145,170,108,104,111,95,101,106,91,94,79,70,79,55,52,45,43,28,23,28,18,8,7,6,4,4,4,1,0
SK0422,Okres Košice I,64453,324,317,321,337,303,288,323,265,321,285,295,301,269,268,273,269,295,275,268,275,291,323,346,320,338,363,442,444,517,548,558,575,578,501,491,465,495,485,421,442,466,502,522,475,502,475,490,480,479,472,475,497,428,477,528,506,598,549,454,427,427,352,384,329,328,329,295,318,297,272,244,226,226,209,187,141,169,146,139,130,104,97,99,75,76,78,82,56,47,41,39,33,22,10,14,12,9,18,12,9,15,285,301,304,309,314,268,301,288,289,286,314,322,269,271,267,281,295,292,248,237,261,317,299,337,297,344,379,460,483,520,544,505,558,501,497,463,467,473,453,386,451,497,450,479,531,506,584,516,540,508,534,535,497,574,585,558,573,502,410,464,455,370,386,376,418,425,403,429,415,358,371,356,353,347,300,268,293,265,270,277,249,207,203,197,163,145,101,132,121,100,99,72,62,32,35,26,16,21,13,13,19
SK0423,Okres Košice II,79437,448,451,437,444,475,435,420,418,421,399,403,417,417,418,373,414,385,409,385,356,420,379,394,477,413,428,432,526,541,572,618,592,604,679,700,767,738,731,593,578,598,571,513,578,548,531,579,580,532,584,492,510,461,472,501,513,485,552,525,588,560,545,567,531,479,416,405,379,288,307,294,275,225,243,207,206,172,178,192,210,186,159,132,118,104,87,80,61,50,39,31,19,16,15,11,5,5,7,4,5,4,426,453,472,460,419,411,386,397,397,440,404,414,402,389,350,360,380,325,362,392,368,366,411,429,425,357,510,508,529,599,614,612,645,736,742,742,666,619,606,554,529,535,565,592,579,601,614,603,538,531,549,486,464,515,536,598,674,652,689,710,622,607,571,579,597,446,442,403,412,436,457,395,350,406,386,387,419,328,335,333,323,280,213,184,165,120,127,92,87,40,57,53,31,19,21,16,4,6,3,8,3
SK0424,Okres Košice III,28135,133,143,161,152,166,141,150,146,151,152,145,159,139,135,132,137,123,125,97,120,127,105,113,116,119,132,151,122,169,199,173,181,167,196,181,238,206,259,298,317,348,386,371,349,304,241,232,165,169,151,126,140,138,138,126,109,127,99,106,96,113,136,148,212,235,262,316,304,291,240,210,178,125,102,70,55,48,50,45,31,24,22,24,17,16,17,11,9,8,6,6,2,2,2,2,1,1,2,2,0,7,118,118,123,126,140,133,135,125,164,146,158,142,125,131,117,118,118,120,112,101,122,129,115,122,128,146,134,149,163,158,193,173,191,181,188,219,247,269,276,294,288,307,359,303,289,217,224,197,151,142,157,143,115,122,112,105,119,122,134,134,196,247,306,374,384,422,385,363,361,278,228,138,145,141,78,58,74,50,40,38,32,31,35,20,24,20,12,17,15,19,10,8,7,6,4,3,0,4,0,0,6
SK0425,Okres Košice IV,57015,268,247,253,315,276,294,252,275,292,270,301,325,295,287,310,269,301,281,252,262,272,264,316,260,265,294,286,298,310,396,332,336,362,354,347,403,406,392,412,457,464,486,525,547,630,644,665,573,510,489,437,420,338,320,345,272,253,259,239,229,217,221,234,247,272,250,264,274,340,331,362,398,348,374,284,233,219,176,133,160,120,91,90,66,57,50,42,42,26,27,29,20,11,11,14,15,7,5,10,6,0,244,240,250,245,281,273,275,276,269,270,279,306,274,271,243,249,249,258,241,231,237,276,256,243,261,268,289,321,314,359,376,358,364,375,373,383,401,384,390,418,415,488,529,567,605,613,601,565,513,429,411,350,313,271,272,297,269,250,264,286,282,288,319,345,404,398,431,535,576,623,655,575,541,562,391,318,311,256,239,236,225,159,161,130,121,101,88,82,84,61,47,34,29,26,24,28,13,10,13,8,0
SK0426,Okres Košice - okolie,128346,778,877,924,951,941,881,869,891,935,915,831,939,868,792,841,817,811,810,800,774,840,832,848,885,787,787,813,925,883,915,936,897,928,917,993,1067,1026,1111,988,968,1018,1032,1065,1040,1072,944,993,924,930,829,823,786,735,792,806,761,796,770,744,756,798,730,727,764,711,644,614,621,548,542,487,431,392,359,259,212,248,212,194,197,176,143,118,104,96,68,79,59,55,29,27,29,23,12,4,4,4,2,1,3,0,820,859,882,884,870,825,812,881,839,882,810,897,778,828,811,792,791,747,749,698,753,802,776,783,746,758,792,839,913,916,893,881,963,914,923,941,995,950,1000,963,948,992,942,968,945,959,952,850,880,803,754,756,714,714,747,734,778,801,776,737,738,702,754,777,722,730,703,684,698,601,585,554,513,508,408,326,391,318,325,332,314,291,247,248,193,183,177,141,131,112,92,55,42,37,31,13,12,13,2,3,1
SK0427,Okres Michalovce,108954,563,548,594,591,611,625,592,596,663,668,651,692,689,627,647,653,667,600,595,642,642,680,694,658,725,684,739,766,753,860,837,759,809,804,867,879,875,884,823,885,874,906,900,852,881,856,859,799,706,707,714,726,615,625,680,673,704,732,651,679,669,659,642,713,628,677,604,542,508,495,494,432,409,359,250,245,228,209,159,173,155,120,88,70,88,57,68,56,44,40,28,24,17,11,9,3,4,4,5,1,0,519,538,604,556,601,613,555,596,608,612,678,635,669,605,607,608,617,615,578,598,704,661,660,658,654,634,741,741,734,687,750,747,772,777,800,778,837,802,779,804,822,894,861,809,845,774,834,823,789,710,681,622,653,692,661,685,799,693,730,700,734,703,769,729,822,733,661,671,656,671,607,582,600,538,421,398,358,350,315,303,305,269,272,232,206,179,179,128,120,86,70,64,42,43,17,17,13,7,7,4,1
SK0428,Okres Rožňava,59345,311,385,355,349,357,342,308,326,327,368,353,318,319,356,330,321,303,309,332,344,376,363,375,366,365,364,345,424,418,408,417,425,399,425,425,486,447,457,479,438,511,497,435,504,497,501,437,468,440,368,351,366,356,382,367,411,432,372,375,389,366,350,384,378,401,374,358,365,345,293,268,249,187,191,129,120,123,106,88,89,82,71,70,63,33,44,30,26,32,26,19,12,8,10,2,2,3,2,1,1,0,330,299,361,327,341,330,324,307,332,306,328,365,300,290,317,309,312,285,323,353,336,362,341,336,347,311,332,363,360,384,396,372,367,418,413,440,389,443,402,400,466,434,443,472,460,464,439,441,410,338,387,397,362,336,368,356,431,422,416,429,420,388,429,448,457,408,416,404,429,366,335,306,289,270,202,212,217,222,233,189,193,191,153,131,126,121,88,83,70,65,61,30,26,23,13,11,5,8,6,2,2
SK0429,Okres Sobrance,22440,113,111,112,150,144,113,108,126,117,118,120,120,122,114,128,146,119,108,124,114,142,136,129,134,150,139,174,173,163,167,190,181,205,192,167,185,168,195,179,168,196,174,177,192,179,170,167,163,166,153,136,151,147,145,138,149,171,151,149,158,152,165,128,164,128,144,118,113,108,109,87,83,78,67,74,42,51,48,40,46,41,33,26,16,22,12,22,14,19,10,14,9,2,4,6,1,1,2,0,0,0,97,118,107,104,115,94,123,103,115,112,120,106,109,104,111,121,107,115,121,134,138,118,137,127,141,155,173,165,159,158,151,158,163,167,158,154,154,130,157,149,157,139,160,134,151,163,165,161,145,159,148,148,136,130,169,154,156,148,148,123,155,133,140,152,160,140,123,152,125,115,114,140,110,113,127,75,99,75,59,94,81,66,70,60,47,57,39,36,42,30,24,10,10,9,7,6,1,2,3,2,0
SK042A,Okres Spišská Nová Ves,98706,669,746,695,683,660,702,711,728,716,687,715,743,702,655,662,692,678,605,641,617,615,620,646,667,645,638,662,716,709,704,778,677,741,736,693,769,731,759,742,699,754,749,696,700,707,713,770,698,688,603,602,560,561,565,570,561,634,596,539,604,530,526,512,547,518,500,485,412,445,455,372,348,345,265,184,179,181,148,141,134,120,128,120,96,97,88,78,49,48,52,32,23,18,10,10,4,4,1,0,0,1,651,628,651,659,632,673,653,689,708,684,713,703,663,671,619,620,655,580,598,570,593,634,606,676,633,653,648,703,742,666,661,683,663,676,700,719,677,726,699,608,635,699,726,637,696,676,703,674,635,638,551,536,535,524,600,595,590,582,612,587,593,565,620,591,584,582,593,512,538,529,503,456,431,391,302,304,321,292,269,271,265,224,207,202,170,143,142,118,103,91,63,54,42,26,20,17,10,5,7,1,2
SK042B,Okres Trebišov,103687,578,585,617,615,611,666,610,614,614,663,686,672,624,610,624,701,626,656,602,576,637,644,680,697,641,642,634,675,780,745,719,769,779,834,817,840,825,903,871,804,784,818,826,813,760,799,818,712,679,653,623,605,640,617,641,616,670,669,644,668,693,634,659,631,691,628,569,555,484,465,393,383,286,299,208,174,173,159,164,137,134,107,89,73,71,69,62,61,40,32,30,25,12,12,4,8,4,3,0,1,1,587,580,566,597,595,598,597,544,599,597,588,609,635,598,569,636,564,581,550,578,586,614,671,650,635,552,664,634,645,703,734,772,756,788,727,789,781,789,742,726,731,769,757,778,733,758,800,752,708,646,634,610,603,571,643,649,717,676,684,719,739,714,733,767,693,676,684,644,628,588,533,520,493,446,371,338,382,331,343,292,296,278,279,236,203,208,176,140,134,102,68,68,37,25,31,20,13,12,8,7,3